{
  "bleu1": 0.44261303493119614,
  "bleu2": 0.26134485544181135,
  "bleu3": 0.16873556424561342,
  "bleu4": 0.1094098033412195,
  "meteor": 0.35324209417680785,
  "rougeL": 0.39028759512079014,
  "cider": 0.2213830400350576,
  "spice": 0.2849340625997775
}