{
  "bleu": 0.013907314316812013,
  "bleu1": 0.15280798358860456,
  "bleu2": 0.06609114401861929,
  "bleu3": 0.029856875046157597,
  "bleu4": 0.013907314316812013,
  "rouge1": 0.30921992946346566,
  "rouge2": 0.07080692643120608,
  "rougeL": 0.178329533818026,
  "rougeLsum": 0.20952679733046606,
  "bertscore_p": 0.8287615180015564,
  "bertscore_r": 0.8727529048919678,
  "bertscore_f1": 0.8500966429710388,
  "t5_cosine_similarity": 0.9067310744022502,
  "t5_cubed_similarity": 0.7465304968828557,
  "avg_word_count": 224.3356401384083,
  "std_word_count": 72.6376617620028,
  "min_word_count": 87,
  "max_word_count": 408
}